[{"fields": {"model": "logentry", "name": "log entry", "app_label": "admin"}, "model": "contenttypes.contenttype", "pk": 1}, {"fields": {"model": "permission", "name": "permission", "app_label": "auth"}, "model": "contenttypes.contenttype", "pk": 2}, {"fields": {"model": "group", "name": "group", "app_label": "auth"}, "model": "contenttypes.contenttype", "pk": 3}, {"fields": {"model": "user", "name": "user", "app_label": "auth"}, "model": "contenttypes.contenttype", "pk": 4}, {"fields": {"model": "contenttype", "name": "content type", "app_label": "contenttypes"}, "model": "contenttypes.contenttype", "pk": 5}, {"fields": {"model": "session", "name": "session", "app_label": "sessions"}, "model": "contenttypes.contenttype", "pk": 6}, {"fields": {"model": "userprofile", "name": "user profile", "app_label": "grumblr_app"}, "model": "contenttypes.contenttype", "pk": 7}, {"fields": {"model": "textpost", "name": "text post", "app_label": "grumblr_app"}, "model": "contenttypes.contenttype", "pk": 8}, {"fields": {"model": "comment", "name": "comment", "app_label": "grumblr_app"}, "model": "contenttypes.contenttype", "pk": 9}, {"fields": {"model": "dislike", "name": "dislike", "app_label": "grumblr_app"}, "model": "contenttypes.contenttype", "pk": 10}, {"fields": {"expire_date": "2014-11-07T03:44:57.700Z", "session_data": "NDMxZDMzZjJiODVlNDdiMmE4ZTNlOTRlMzE5MTFjZWEzNGY2NDQxNzp7Il9hdXRoX3VzZXJfaGFzaCI6Ijc2YWYzMjFmNTIyYzExYjBkOTlmNDgyNmZmYWNkMTM0YzY3MDQxMGEiLCJfYXV0aF91c2VyX2JhY2tlbmQiOiJkamFuZ28uY29udHJpYi5hdXRoLmJhY2tlbmRzLk1vZGVsQmFja2VuZCIsIl9hdXRoX3VzZXJfaWQiOjF9"}, "model": "sessions.session", "pk": "s1g04wmdtu3nuw8x5yium57h0zf4h71f"}, {"fields": {"codename": "add_logentry", "name": "Can add log entry", "content_type": 1}, "model": "auth.permission", "pk": 1}, {"fields": {"codename": "change_logentry", "name": "Can change log entry", "content_type": 1}, "model": "auth.permission", "pk": 2}, {"fields": {"codename": "delete_logentry", "name": "Can delete log entry", "content_type": 1}, "model": "auth.permission", "pk": 3}, {"fields": {"codename": "add_permission", "name": "Can add permission", "content_type": 2}, "model": "auth.permission", "pk": 4}, {"fields": {"codename": "change_permission", "name": "Can change permission", "content_type": 2}, "model": "auth.permission", "pk": 5}, {"fields": {"codename": "delete_permission", "name": "Can delete permission", "content_type": 2}, "model": "auth.permission", "pk": 6}, {"fields": {"codename": "add_group", "name": "Can add group", "content_type": 3}, "model": "auth.permission", "pk": 7}, {"fields": {"codename": "change_group", "name": "Can change group", "content_type": 3}, "model": "auth.permission", "pk": 8}, {"fields": {"codename": "delete_group", "name": "Can delete group", "content_type": 3}, "model": "auth.permission", "pk": 9}, {"fields": {"codename": "add_user", "name": "Can add user", "content_type": 4}, "model": "auth.permission", "pk": 10}, {"fields": {"codename": "change_user", "name": "Can change user", "content_type": 4}, "model": "auth.permission", "pk": 11}, {"fields": {"codename": "delete_user", "name": "Can delete user", "content_type": 4}, "model": "auth.permission", "pk": 12}, {"fields": {"codename": "add_contenttype", "name": "Can add content type", "content_type": 5}, "model": "auth.permission", "pk": 13}, {"fields": {"codename": "change_contenttype", "name": "Can change content type", "content_type": 5}, "model": "auth.permission", "pk": 14}, {"fields": {"codename": "delete_contenttype", "name": "Can delete content type", "content_type": 5}, "model": "auth.permission", "pk": 15}, {"fields": {"codename": "add_session", "name": "Can add session", "content_type": 6}, "model": "auth.permission", "pk": 16}, {"fields": {"codename": "change_session", "name": "Can change session", "content_type": 6}, "model": "auth.permission", "pk": 17}, {"fields": {"codename": "delete_session", "name": "Can delete session", "content_type": 6}, "model": "auth.permission", "pk": 18}, {"fields": {"codename": "add_userprofile", "name": "Can add user profile", "content_type": 7}, "model": "auth.permission", "pk": 19}, {"fields": {"codename": "change_userprofile", "name": "Can change user profile", "content_type": 7}, "model": "auth.permission", "pk": 20}, {"fields": {"codename": "delete_userprofile", "name": "Can delete user profile", "content_type": 7}, "model": "auth.permission", "pk": 21}, {"fields": {"codename": "add_textpost", "name": "Can add text post", "content_type": 8}, "model": "auth.permission", "pk": 22}, {"fields": {"codename": "change_textpost", "name": "Can change text post", "content_type": 8}, "model": "auth.permission", "pk": 23}, {"fields": {"codename": "delete_textpost", "name": "Can delete text post", "content_type": 8}, "model": "auth.permission", "pk": 24}, {"fields": {"codename": "add_comment", "name": "Can add comment", "content_type": 9}, "model": "auth.permission", "pk": 25}, {"fields": {"codename": "change_comment", "name": "Can change comment", "content_type": 9}, "model": "auth.permission", "pk": 26}, {"fields": {"codename": "delete_comment", "name": "Can delete comment", "content_type": 9}, "model": "auth.permission", "pk": 27}, {"fields": {"codename": "add_dislike", "name": "Can add dislike", "content_type": 10}, "model": "auth.permission", "pk": 28}, {"fields": {"codename": "change_dislike", "name": "Can change dislike", "content_type": 10}, "model": "auth.permission", "pk": 29}, {"fields": {"codename": "delete_dislike", "name": "Can delete dislike", "content_type": 10}, "model": "auth.permission", "pk": 30}, {"fields": {"username": "notajingoist", "first_name": "Jing", "last_name": "Xiao", "is_active": true, "is_superuser": false, "is_staff": false, "last_login": "2014-10-24T03:44:57.698Z", "groups": [], "user_permissions": [], "password": "pbkdf2_sha256$12000$QixcALDEhTtJ$Y3NjUCDGshceLiirsrbTBljWbFMoGo6sAnuK5UKJagk=", "email": "notajingoist@gmail.com", "date_joined": "2014-10-23T15:19:05.860Z"}, "model": "auth.user", "pk": 1}, {"fields": {"username": "shoshadd", "first_name": "Jin", "last_name": "Lee", "is_active": true, "is_superuser": false, "is_staff": false, "last_login": "2014-10-24T02:40:28.585Z", "groups": [], "user_permissions": [], "password": "pbkdf2_sha256$12000$6lrNibNf1wGt$ETjSVI8fYcF1Wsh64WjViXkV4Ukfa1bPB7WhhuWY6sc=", "email": "jinlee26@gmail.com", "date_joined": "2014-10-23T15:21:30.918Z"}, "model": "auth.user", "pk": 2}, {"fields": {"username": "bob", "first_name": "", "last_name": "", "is_active": true, "is_superuser": false, "is_staff": false, "last_login": "2014-10-24T02:32:36.349Z", "groups": [], "user_permissions": [], "password": "pbkdf2_sha256$12000$4o2Z6s4u0KlV$UYWDTFmCKMOQxeO2WOBdS7xrcT1uoQx66VOR36cLsQw=", "email": "bob@gmail.com", "date_joined": "2014-10-24T02:32:23.708Z"}, "model": "auth.user", "pk": 3}, {"fields": {"username": "blob", "first_name": "Meh", "last_name": "Blob", "is_active": true, "is_superuser": false, "is_staff": false, "last_login": "2014-10-24T03:42:22.721Z", "groups": [], "user_permissions": [], "password": "pbkdf2_sha256$12000$j4bGiOg8cbYn$Ulc0Sj2VhPdZQa0l8+L/7iF4L420AaFZ1mldsZ3X5fU=", "email": "blob@gmail.com", "date_joined": "2014-10-24T02:48:24.224Z"}, "model": "auth.user", "pk": 4}, {"fields": {"picture": "profile-pictures/bob_ymjhkf2.png", "about": "Nothing to see here", "blocks": [], "follows": [2], "user": 1, "location": "Pittsburgh, PA"}, "model": "grumblr_app.userprofile", "pk": 1}, {"fields": {"picture": "profile-pictures/jin_blink1_small_6FSTKyY.gif", "about": "Hellooooo. Okay. More stuff about meee. I am shoshadd.", "blocks": [], "follows": [1, 3], "user": 2, "location": "San Mateo, CA"}, "model": "grumblr_app.userprofile", "pk": 2}, {"fields": {"picture": "", "about": "", "blocks": [], "follows": [], "user": 3, "location": ""}, "model": "grumblr_app.userprofile", "pk": 3}, {"fields": {"picture": "profile-pictures/jin_scary_small_DsDz8Rk.gif", "about": "", "blocks": [], "follows": [], "user": 4, "location": ""}, "model": "grumblr_app.userprofile", "pk": 4}, {"fields": {"text": "This is a test grumbl. Hello there.", "image": "", "user": 1, "date_created": "2014-10-23T15:21:04.581Z"}, "model": "grumblr_app.textpost", "pk": 1}, {"fields": {"text": "Here's a grumbl there's a grumbl everywhere grumblsssss", "image": "", "user": 2, "date_created": "2014-10-23T15:37:24.093Z"}, "model": "grumblr_app.textpost", "pk": 2}, {"fields": {"text": "grumbling grumbling milano cookies and chips and omgosh food", "image": "", "user": 2, "date_created": "2014-10-23T15:37:36.094Z"}, "model": "grumblr_app.textpost", "pk": 3}, {"fields": {"text": "Once more. ", "image": "", "user": 2, "date_created": "2014-10-23T15:37:42.289Z"}, "model": "grumblr_app.textpost", "pk": 4}, {"fields": {"text": "ANOTHER POSTTTT okafd", "image": "", "user": 1, "date_created": "2014-10-23T18:36:03.909Z"}, "model": "grumblr_app.textpost", "pk": 5}, {"fields": {"text": "blahdslkfjsdf", "image": "", "user": 2, "date_created": "2014-10-24T00:24:45.226Z"}, "model": "grumblr_app.textpost", "pk": 6}, {"fields": {"text": "asdfsadffads", "image": "", "user": 2, "date_created": "2014-10-24T01:45:00.901Z"}, "model": "grumblr_app.textpost", "pk": 7}, {"fields": {"text": "lol", "image": "", "user": 2, "date_created": "2014-10-24T01:45:07.814Z"}, "model": "grumblr_app.textpost", "pk": 8}, {"fields": {"text": "BJKALSDJKLASDLJKASDJLK", "image": "", "user": 2, "date_created": "2014-10-24T01:48:08.586Z"}, "model": "grumblr_app.textpost", "pk": 9}, {"fields": {"text": "FUUUUUdsf ds f", "image": "", "user": 1, "date_created": "2014-10-24T02:01:57.660Z"}, "model": "grumblr_app.textpost", "pk": 10}, {"fields": {"text": "lalalala", "image": "images/Whisper_of_the_Heart.jpg", "user": 1, "date_created": "2014-10-24T02:16:39.871Z"}, "model": "grumblr_app.textpost", "pk": 11}, {"fields": {"text": "loooiiouio", "image": "", "user": 1, "date_created": "2014-10-24T02:17:31.073Z"}, "model": "grumblr_app.textpost", "pk": 12}, {"fields": {"text": "random pics", "image": "images/TowerFall.gif", "user": 1, "date_created": "2014-10-24T02:28:30.754Z"}, "model": "grumblr_app.textpost", "pk": 13}, {"fields": {"text": "bajsdklfsadkljfsdaf", "image": "", "user": 3, "date_created": "2014-10-24T02:32:45.627Z"}, "model": "grumblr_app.textpost", "pk": 14}, {"fields": {"text": "catttss", "image": "images/Cat_Colors__Patterns.jpg", "user": 3, "date_created": "2014-10-24T02:33:01.493Z"}, "model": "grumblr_app.textpost", "pk": 15}, {"fields": {"text": "OMgsdaf oadsmsdafom sadfo asfsam fdsao mdsafm saodmf samfo sdamf sdmakfl sdakflj sdaf;jk lkfjdsa f;ljkdsa fkjdsaklfj dskalfj saklfjdksalfj dklsajf kdslajfk lajfkdlsajfkdlsajfkldsajfkldsajfk lsdjafk jdsafkl jsdalfkj skdaflj ", "image": "", "user": 1, "date_created": "2014-10-24T02:51:32.945Z"}, "model": "grumblr_app.textpost", "pk": 16}, {"fields": {"text": "welp", "image": "", "user": 1, "date_created": "2014-10-24T03:50:11.134Z"}, "model": "grumblr_app.textpost", "pk": 17}, {"fields": {"text": "nopepepee", "image": "images/Grave_of_the_Fireflies.jpg", "user": 1, "date_created": "2014-10-24T03:50:33.089Z"}, "model": "grumblr_app.textpost", "pk": 18}, {"fields": {"text": "I love you!", "post": 4, "user": 1}, "model": "grumblr_app.comment", "pk": 1}, {"fields": {"text": "another comment", "post": 4, "user": 1}, "model": "grumblr_app.comment", "pk": 4}, {"fields": {"text": "one comment", "post": 2, "user": 1}, "model": "grumblr_app.comment", "pk": 5}, {"fields": {"text": "asdfsdafsad dsfa ", "post": 2, "user": 1}, "model": "grumblr_app.comment", "pk": 6}, {"fields": {"text": "okie", "post": 3, "user": 1}, "model": "grumblr_app.comment", "pk": 7}, {"fields": {"text": "bleep bloop", "post": 4, "user": 1}, "model": "grumblr_app.comment", "pk": 8}, {"fields": {"text": "hello", "post": 4, "user": 1}, "model": "grumblr_app.comment", "pk": 9}, {"fields": {"text": "blah", "post": 4, "user": 1}, "model": "grumblr_app.comment", "pk": 10}, {"fields": {"text": "sdafsdafs", "post": 4, "user": 1}, "model": "grumblr_app.comment", "pk": 11}, {"fields": {"text": "nope", "post": 3, "user": 1}, "model": "grumblr_app.comment", "pk": 12}, {"fields": {"text": "bolasdfj", "post": 3, "user": 1}, "model": "grumblr_app.comment", "pk": 13}, {"fields": {"text": "asdfadsf", "post": 3, "user": 1}, "model": "grumblr_app.comment", "pk": 14}, {"fields": {"text": "asdfsda", "post": 2, "user": 1}, "model": "grumblr_app.comment", "pk": 15}, {"fields": {"text": "funnn", "post": 4, "user": 1}, "model": "grumblr_app.comment", "pk": 16}, {"fields": {"text": "one more commmmment", "post": 2, "user": 1}, "model": "grumblr_app.comment", "pk": 17}, {"fields": {"text": "one", "post": 1, "user": 1}, "model": "grumblr_app.comment", "pk": 18}, {"fields": {"text": "lol", "post": 1, "user": 1}, "model": "grumblr_app.comment", "pk": 21}, {"fields": {"text": "okei", "post": 1, "user": 1}, "model": "grumblr_app.comment", "pk": 22}, {"fields": {"text": "asdf", "post": 5, "user": 1}, "model": "grumblr_app.comment", "pk": 23}, {"fields": {"text": "llll", "post": 3, "user": 1}, "model": "grumblr_app.comment", "pk": 24}, {"fields": {"text": "sasdfa", "post": 5, "user": 1}, "model": "grumblr_app.comment", "pk": 25}, {"fields": {"text": "asdfafs", "post": 9, "user": 1}, "model": "grumblr_app.comment", "pk": 26}, {"fields": {"text": "adsfasd", "post": 9, "user": 1}, "model": "grumblr_app.comment", "pk": 27}, {"fields": {"text": "lol", "post": 13, "user": 1}, "model": "grumblr_app.comment", "pk": 28}, {"fields": {"text": "lol", "post": 9, "user": 2}, "model": "grumblr_app.comment", "pk": 29}, {"fields": {"text": "baah", "post": 9, "user": 1}, "model": "grumblr_app.comment", "pk": 30}, {"fields": {"text": "ASJDKLASJLKDASDLJKlajkds", "post": 18, "user": 1}, "model": "grumblr_app.comment", "pk": 31}, {"fields": {"post": 1, "user": 1}, "model": "grumblr_app.dislike", "pk": 1}, {"fields": {"post": 9, "user": 2}, "model": "grumblr_app.dislike", "pk": 2}, {"fields": {"post": 8, "user": 2}, "model": "grumblr_app.dislike", "pk": 3}, {"fields": {"post": 10, "user": 2}, "model": "grumblr_app.dislike", "pk": 4}, {"fields": {"post": 5, "user": 2}, "model": "grumblr_app.dislike", "pk": 5}, {"fields": {"post": 6, "user": 2}, "model": "grumblr_app.dislike", "pk": 6}, {"fields": {"post": 17, "user": 1}, "model": "grumblr_app.dislike", "pk": 7}, {"fields": {"post": 8, "user": 1}, "model": "grumblr_app.dislike", "pk": 8}]